energy,ssim_indices,psnr_indices
184201.9,0.4032435,6.735472946881798
133213.25,0.6365247,8.319983981486555
89382.09,0.7715802,10.388731613708185
69515.3,0.83213186,11.800634284135068
36206.85,0.93860453,16.261796435242054
27743.375,0.96156263,18.916961357932614
22624.074,0.9798674,21.97997564137929
20285.732,0.99021405,24.759995378903355
18916.316,0.9940993,28.01864132168817
18377.512,0.99684674,30.477936971923146
