energy,ssim_indices,psnr_indices
272702.56,0.000164424,4.728394614408451
195139.17,0.0011752906,6.233869894928498
138849.1,0.0012253108,7.787448669697962
96364.766,0.0048337462,9.490574227278774
46518.78,0.004087622,13.08791572161243
25763.094,0.0057418942,16.435741003516593
17560.703,0.012224634,19.10239709171013
12239.439,0.025557406,22.569393893738187
10435.597,0.05324733,24.888687613091744
9265.639,0.09106568,27.54475848758198
8611.404,0.1318666,30.3251638593061
