energy,ssim_indices,psnr_indices
179836.16,0.40379742,6.597566658310888
123378.13,0.66389185,8.323829211595694
77666.44,0.8084786,10.507996761923282
43079.605,0.895106,13.479113550452716
23196.404,0.9584279,17.080651866395282
15306.109,0.9711833,20.207392869903448
11343.216,0.98102164,23.481511325339635
9608.16,0.9913514,26.461858097795982
8826.877,0.9950983,28.95443893617803
8419.997,0.9960993,31.27063760335101
