energy,ssim_indices,psnr_indices
231246.53,0.00019362678,5.664027774461986
166856.61,0.0006650978,7.222507782299749
106995.1,0.0015734341,9.45230639267701
79142.89,0.007152438,11.078126267868925
41267.176,0.0057998816,15.240425365130502
28912.1,0.011680777,18.471573783884015
23595.17,0.023514153,21.272742057536675
20404.793,0.041399855,24.65212006138334
19266.203,0.07533129,27.03354598784699
18652.408,0.13813077,29.186535335925747
